ITB File Name,"Clause or
Drawing No.",Page#,Item,Requirement,상세 내용
Part_B1_Technical_Specification_CO2_Urea_1_500,B773-000-83-41-LE-T-9902,3,OT Cybersecurity & Network,| 2 een Click on the Document Title to go to that section of the document Table of Contents Document Number Document Title Number AnnexureA-B773- A SCOPE OF WORK AND SUPPLY (ANNEX-A-Static Equipment) 412 000-80-42-SOW- 9902 Annexure-C B773- |A SCOPE OF WORK/SUPPLY ANNEXURE-C: ROTATING 425 000-80-42-SOW- EQUIPMENT 9902 B773-000-80-42- eo | Scope of Works-Package Equipment SOW-9902 B773-00-000-19-41- eo | CONSTRUCTION SUPERVISION AND MANAGEMENT BY EPC 0002 CONTRACTOR B773-000-16-51-SP- B | Job Specifications (Instrumentation) 9902 B773-000-16-50-SP- JOB SPECIFICATION (ELECTRICAL) 9900 REV A B773-000-16-50-SP- B JOB SPECIFICATIONS 9902 B773-000-16-50-SP- JOB SPECIFICATION 8502 B773-000-16-50-SP- JOB SPECIFICATIONS 8501 B773-000-80-44-SP- A408 SPECIFICATION FOR ELECTRIC BOILER 3001 REV- 0 B773-000-16-51-SP- Job Specification for OT Cybersecurity Instrumentation 0001 Anexxure-A-B773- JOB SPECIFICATIONS (Annexure-A-Static Equipment) 000-80-42-SP-9902 Annexure-C B773- A 08 SPECIFICATION ANNEXURE-C: ROTATING EQUIPMENT 000-80-42-SP-9902 B773-000-80-42-SP- eo | Job Specification-Package Equipment 9902 B773-000-81-45-DS- DATA SHEET (HR) 4824 B773-000-81-45-DS- DATA SHEET (HB) 4825 B773-000-81-45-DS- DATA SHEET (LV) 4826 B773-000-81-45-DS- DATA SHEET (1000 GPM WFM) 4827 B773-000-81-45-DS- DATA SHEET (2000 GPM WFM) | 986 4828 B773-000-81-45-DS- DATA SHEET (HVLRM) 4829 B773-000-81-45-DS- DATA SHEET (MVS) 4000 4830 B773-000-81-45-DS- DATA SHEET (HVS) 1001 4831 B773-000-81-45-DS- DATA SHEET (DV) 1002 4832 B773-000-81-45-DS- DATA SHEET (RO) 1003 4833 B773-000-16-50-DS- DATA SHEET 1004 0001 B773-000-16-50-DS- DATA SHEET 1007 0002 B773-000-16-50-DS- DATA SHEET 1008 0003 Paae 3 of 7525 : B773-000-83-41-LE-T-9902 :Rev.B,Verbatim specification requirement extracted dynamically.
Part_B1_Technical_Specification_CO2_Urea_1_500,B773-000-83-41-LE-T-9902,6,Telecom Specifications,ere se Click on the Document Title to go to that section of the document Table of Contents Document Number Document Title Number Annexure-I-VL-9902- |A Storage Tank Contractor List 1626 Storage Tank Contractor List B773-000-16-50-VL- A VENDOR LIST 1628 9902 B773-000-16-43-VL- A VENDOR LIST (PIPING) FOR 150 TPD GREEN UREA 1715 9902 COMPLEX B773-000-80-42-VL- eo | Sub Vendor List-Package Equipment 1855 9902 Instrumentation B |Vendor List Instrumentation for B773 1858 Vendor List. B773-000-16-50- SINGLE LINE DIAGRAM 2012 0001 B773-000-81-45-0- OVERALL PLOT PLAN 2013 0001 B773-000-0341- R&D INPUT 2014 SOW-9902 B773-6-44-0005-A1_|A _ [ANNEXURE-| TO PMS (GENERAL NOTES 2031 B773-6-44-0005-A2_ |A __— [ANNEXURE-I| TO PMS (EXTRACTS 2044 B773-6-44-0005 PIPING MATERIAL SPECIFICATIONS 2062 B773-6-44-0006-A1_|A ___— [ANNEXURE-I TO VMS (GENERAL NOTES 2274 B773-6-44-0006-A2_|A __—_—[ANNEXURE-II TO VMS (EXTRACTS 2280 B773-6-44-0006 [A _—_| VALVE MATERIAL SPECIFICATIONS 2300 B773-000-81-47- eo | GEOTECHNICAL DATA FOR 150TPD GREEN UREA PROJECT 2618 GTD-9902 B773-000-81-46-SP- B MISCELLANEOUS 2631 9902 Annexure-A B773- Standard Specification List (Annex-A-Static Equipment) 2646 000-80-42-LSP-9902 Annexure-A B773- SPARE LIST (ANNEX-A- Static Equipment) 2650 000-80-42-SL-9902 Annexure-A-B773- Standard Drawing List (Annex-A-Static Equipment) 2654 000-80-42-LL-9902 INSPECTION AND INSPECTION AND TEST PLAN (PIPING) FOR 150 TPD GREEN 2658 TEST PLAN UREA COMPLEX PIPING STANDARD PIPING STANDARD SPECIFICATIONS FOR 150 TPD GREEN 2743 SPECIFICATIONS UREA COMPLEX STANDARDS(PIPIN PIPING STANDARDS FOR 150 TPD GREEN UREA COMPLEX 3293 G Annexure-3 A Instrumentation MTO Blank Format 3344 _ Instrumentation MTO Blank Format Annexure-4_ Blank |A Blank Instrument datasheets format 3348 Instrument datasheets format B773-000-16-51-IOF-B IO Summary Blank Format 3416 7309 B773-000-16-51- B List of Engineering / Installation Standards (Instrumentation) 3419 MD01_9902 B773-000-16-51-SP- B Inspection and Test Plant List (Instrumentation) 3491 1001 9902 B773-000-16-51-SP- B Standard Specifications List (Instrumentation) 3686 1002 9902 B773-000-16-51-SP- B | List of Drawings (Instrumentation) 4363 1003 9902 Paae 6 of 7525 : B773-000-83-41-LE-T-9902 :Rev.B,Verbatim specification requirement extracted dynamically.
Part_B1_Technical_Specification_CO2_Urea_1_500,"B773-000-79-41-ODB-1001, Preparation of specification for LEL, gas like hydrogen and ammonia detectors and providing the same at suitable locations. - Finalizing vendor data /detailed engineering dependent fire case loads and finalizing corresponding relief valve inlet and outlet line sizes.",Page 69,CCTV Surveillance System,"6. Surveillance camera for monitoring process plant asset, critical stacks, flare & Security to be provided.",Verbatim specification requirement extracted dynamically.
Part_B1_Technical_Specification_CO2_Urea_1_500,"B773-79-41-PCS-01, Preparation of specification for LEL, gas like hydrogen and ammonia detectors and providing the same at suitable locations. - Finalizing vendor data /detailed engineering dependent fire case loads and finalizing corresponding relief valve inlet and outlet line sizes.",Page 17,Telephone Intercom System,"1.1 Manufacturer OR Vendor Service Assistance Where responsibility is not indicated in Section 2. a. Obtain the assistance of the manufacturer or vendor, when necessary, to make a satisfactory installation as agreed on by the LEPC Contractor and the Owner b. Obtain the assistance of the manufacturer or vendor, as required, for technical assistance during run-in by the training or for informational and operating purposes c. Furnish names and telephone numbers including emergency contact of manufacturers, and vendors, technical service representatives for use by the Owner.",Verbatim specification requirement extracted dynamically.
Part_B1_Technical_Specification_CO2_Urea_1_500,"B773-000-16-43-TCL-9902, Preparation of specification for LEL, gas like hydrogen and ammonia detectors and providing the same at suitable locations. - Finalizing vendor data /detailed engineering dependent fire case loads and finalizing corresponding relief valve inlet and outlet line sizes.",Page 3,Telecom Specifications,"12 Bidder to confirm that technical requirements for purchase of piping items as per Engineering Design basis (Piping) – Doc. No. B773-000-16-43-EDB- 1001, EIL Piping & Valve Material Specifications, General notes of EIL PMS & VMS and Technical Notes for piping items are noted and understood. This shall be the basis for bidder’s detailed specification for procurement, as per Piping Scope of Supply & Works, Doc. No. B773-000-16-43-SOW-9902. Bidder to confirm compliance.",Verbatim specification requirement extracted dynamically.
Part_B1_Technical_Specification_CO2_Urea_1_500,"B773-000-16-51-SOW-9902, Preparation of specification for LEL, gas like hydrogen and ammonia detectors and providing the same at suitable locations. - Finalizing vendor data /detailed engineering dependent fire case loads and finalizing corresponding relief valve inlet and outlet line sizes.",Page 4,CCTV Surveillance System,"2.2.6 CCTV system including Field mounted CCTV cameras with their cables, installation materials and accessories.",Verbatim specification requirement extracted dynamically.
Part_B1_Technical_Specification_CO2_Urea_1_500,"B773-000-16-51-SOW-9902, Preparation of specification for LEL, gas like hydrogen and ammonia detectors and providing the same at suitable locations. - Finalizing vendor data /detailed engineering dependent fire case loads and finalizing corresponding relief valve inlet and outlet line sizes.",Page 5,CCTV Surveillance System,"SCOPE OF SUPPLY & WORK (INSTRUMENTATION) 150 TPD GREEN UREA R&D PROJECT, Client LTD Section-A.4.12 B773-000-16-51-SOW-9902 Rev. B Page 5 of 17 Template No. 5-0000-0001-T1 Rev. 1 Copyrights EIL – All rights reserved a) Distributed Control System (DCS) along with workstations, printers. b) Programmable logic controller (PLC) System for ESD and Interlocks, Fire & Gas (F&G), Package PLCs along with workstations, printers. c) CCTV System. d) Anti-surge / Performance Control System, Speed Governor Control System, Overspeed Protection System, Machine Monitoring System with workstations. e) Any other system oriented items. YES YES YES YES YES - - - - -",Verbatim specification requirement extracted dynamically.
Part_B1_Technical_Specification_CO2_Urea_1_500,"B773-000-16-51-SOW-9902, Preparation of specification for LEL, gas like hydrogen and ammonia detectors and providing the same at suitable locations. - Finalizing vendor data /detailed engineering dependent fire case loads and finalizing corresponding relief valve inlet and outlet line sizes.",Page 8,CCTV Surveillance System,"2.4.4 Inspection and Testing of all field instruments, DCS/PLC System {including Package PLCs}, MMS, Anti-surge / Performance Control System, Speed Governor Control, Overspeed Protection System, Analysers, Gas Chromatograph, CCTV system, Local Control Panels etc as per Instrumentation Design Basis, Inspection Test Plans and other standard specifications, job specifications attached in the tender and respective instrumentation Purchase Requisitions.",Verbatim specification requirement extracted dynamically.
Part_B1_Technical_Specification_CO2_Urea_1_500,"B773-000-16-51-SOW-9902, Preparation of specification for LEL, gas like hydrogen and ammonia detectors and providing the same at suitable locations. - Finalizing vendor data /detailed engineering dependent fire case loads and finalizing corresponding relief valve inlet and outlet line sizes.",Page 9,CCTV Surveillance System,"2.5.4 Installation of DCS/ESD PLC system, CCTV System, MMS, Anti-surge / Performance Control System, Speed Governor Control, Overspeed Protection System, Package PLC based control system and related equipments, panels/cabinets, workstations, printers, any sub-package control system, cabinets and related accessories, supplied by Contractor. YES -",Verbatim specification requirement extracted dynamically.
Part_B1_Technical_Specification_CO2_Urea_1_500,"B773-000-16-51-SOW-9902, Preparation of specification for LEL, gas like hydrogen and ammonia detectors and providing the same at suitable locations. - Finalizing vendor data /detailed engineering dependent fire case loads and finalizing corresponding relief valve inlet and outlet line sizes.",Page 12,CCTV Surveillance System,"SCOPE OF SUPPLY & WORK (INSTRUMENTATION) 150 TPD GREEN UREA R&D PROJECT, Client LTD Section-A.4.12 B773-000-16-51-SOW-9902 Rev. B Page 12 of 17 Template No. 5-0000-0001-T1 Rev. 1 Copyrights EIL – All rights reserved procurement, factory testing, site activities and site acceptance testing. b) Coordination with various vendors / other sub-contractors / manufacturers / sub packaged vendors etc associated with package instrument supplies and services. c) Coordination with suppliers of special instruments / instrumentation items, control systems (DCS/PLC), analysers, system oriented items (CCTV system, MMS System, Anti-surge / Performance Control System, Speed Governor Control, Overspeed Protection System, Package PLC etc.) for availability of their specialist persons during start up and commissioning of all the units. YES YES - -",Verbatim specification requirement extracted dynamically.
Part_B1_Technical_Specification_CO2_Urea_1_500,"B773-000-16-51-SOW-9902, Preparation of specification for LEL, gas like hydrogen and ammonia detectors and providing the same at suitable locations. - Finalizing vendor data /detailed engineering dependent fire case loads and finalizing corresponding relief valve inlet and outlet line sizes.",Page 13,CCTV Surveillance System,"2.11 Warranty for all Instrumentation items, Analysers/ GC, System oriented items like DCS/ PLC system, CCTV System, MMS System, Anti-surge / Performance Control System, Speed Governor Control, Overspeed Protection System, Package PLC etc.",Verbatim specification requirement extracted dynamically.
Part_B1_Technical_Specification_CO2_Urea_1_500,"B773-000-16-51-SOW-9902, Preparation of specification for LEL, gas like hydrogen and ammonia detectors and providing the same at suitable locations. - Finalizing vendor data /detailed engineering dependent fire case loads and finalizing corresponding relief valve inlet and outlet line sizes.",Page 13,CCTV Surveillance System,"2.12 CPWAMC: Comprehensive post warranty annual maintenance contract (to be quoted separately) for Contractor supplied DCS/ PLC System, Bagging/ weighing control system, Analysers ((except density, moisture, PH/conductivity), Gas Chromatograph, CCTV System, MMS and Package PLC System, Giant Screen. CPWAMC to be executed after expiry of warranty and shall be for 5 years duration for each item.",Verbatim specification requirement extracted dynamically.
Part_B1_Technical_Specification_CO2_Urea_1_500,"B773-000-16-51-SOW-9902, Preparation of specification for LEL, gas like hydrogen and ammonia detectors and providing the same at suitable locations. - Finalizing vendor data /detailed engineering dependent fire case loads and finalizing corresponding relief valve inlet and outlet line sizes.",Page 13,CCTV Surveillance System,"2.13 Training for Owner’s personnel: Contractor shall arrange Operation and Maintenance training for Owner’s personnel for Contractor supplied system oriented items like DCS/ PLC System, Analysers/ Gas chromatographs, CCTV system, MMS, Anti-surge / Performance Control System, Speed Governor Control, Overspeed Protection System, Package PLC, Bagging/Weighing Control System. The training shall include detail operation, configuration, modification, calibration,",Verbatim specification requirement extracted dynamically.
Part_B1_Technical_Specification_CO2_Urea_1_500,"B773-000-16-51-SOW-9902, Preparation of specification for LEL, gas like hydrogen and ammonia detectors and providing the same at suitable locations. - Finalizing vendor data /detailed engineering dependent fire case loads and finalizing corresponding relief valve inlet and outlet line sizes.",Page 15,CCTV Surveillance System,"5. Contractor shall carry out 3-D modelling, clash checking with other disciplines, including the following: - All line mounted/ equipment mounted instruments like control valves, on-off valves, safety valves, flow instruments, level instruments, temperature instruments, pressure instruments and accessories like fire-safe jacketing (if applicable), volume tanks etc. - Instrument cable ducts with fittings like elbows, tees, reducers etc. & cable trays (of size ≥ 300mm) - Analyzer/GC shelters (if applicable), analyzer cabinets/ racks and other field racks/ panels/ cabinets, local control panels, etc - All types of junction boxes - Gas detectors with Hooters, Beacons - CCTV system field components - Instrument stanchions - Instrumentation ducts connectivity between main pipe rack & all technical structures, heaters, compressors, major package skids, etc. - ESD Push button stations in field - For package units, where engineering is carried out by package vendor/ other agencies/ compressor package vendor- model free issued to contractor, modelling shall be carried out by contractor as a box with hook-up/ tie-in locations. Inside the box, it is the contractor’s responsibility to ensure that package vendor carries out the precise modelling. However during 90% model review contractor shall be responsible to superimpose the 3D model furnished by Package Vendors & resolve any clashes with the main unit 3D model, as applicable.",Verbatim specification requirement extracted dynamically.
Part_B1_Technical_Specification_CO2_Urea_1_500,"B773-000-16-51-SOW-9902, Preparation of specification for LEL, gas like hydrogen and ammonia detectors and providing the same at suitable locations. - Finalizing vendor data /detailed engineering dependent fire case loads and finalizing corresponding relief valve inlet and outlet line sizes.",Page 15,CCTV Surveillance System,"8. All field related support activities involved during pre-commissioning and commissioning including instrument re-calibration, valve stroke checking during logic checks, graphics check, complex loop checks, control loop schematics check etc. shall be in the scope of contractor. Arranging OEM visit to site during pre-commissioning and commissioning of Contractor supplied special instruments, valves, Nucleonic level instruments, systems oriented items like Analysers, Gas Chromatograph, DCS,PLC, MMS, CCTV system etc shall be provided by the contractor. Calibration of all Field Instruments, Control Valves, On/Off Valves, Safety Valves at site and checking during pre-commissioning and commissioning shall be in contractor’s scope. Contractor shall ensure that all instruments shall have valid calibration date before pre- commissioning and commissioning. Page 348 of 7525 : B773-000-83-41-LE-T-9902 : Rev. B",Verbatim specification requirement extracted dynamically.
Part_B1_Technical_Specification_CO2_Urea_1_500,"B773-000-16-50-SOW-9902, Preparation of specification for LEL, gas like hydrogen and ammonia detectors and providing the same at suitable locations. - Finalizing vendor data /detailed engineering dependent fire case loads and finalizing corresponding relief valve inlet and outlet line sizes.",Page 6,Telephone Intercom System,"41. Main incoming telephone system junction box (TJB), Safe area telephone sets, telephone system cables from TJB onwards to safe area equipments within package battery limit. 3 3 3 3",Verbatim specification requirement extracted dynamically.
Part_B1_Technical_Specification_CO2_Urea_1_500,"B773-000-16-50-SOW-9902, Preparation of specification for LEL, gas like hydrogen and ammonia detectors and providing the same at suitable locations. - Finalizing vendor data /detailed engineering dependent fire case loads and finalizing corresponding relief valve inlet and outlet line sizes.",Page 6,Telephone Intercom System,"42. Power supply Feeders, cables, lighting fixtures etc. for beacon lamps, acoustic hoods, within package battery limit for plant communication and telephone system. 3 3 3 3",Verbatim specification requirement extracted dynamically.
Part_B1_Technical_Specification_CO2_Urea_1_500,"B773-000-16-50-SOW-9902, Preparation of specification for LEL, gas like hydrogen and ammonia detectors and providing the same at suitable locations. - Finalizing vendor data /detailed engineering dependent fire case loads and finalizing corresponding relief valve inlet and outlet line sizes.",Page 8,Telephone Intercom System,"52. All cable trays, cable ducts, supports, RCC cable trenches, conduits, within the package battery limit for all cables being supplied by contractor and all cables being supplied/ installed by owner for power, control, fire alarm, communication, telephone, ECS data highway and other systems. 3 3 3 3",Verbatim specification requirement extracted dynamically.
Part_B1_Technical_Specification_CO2_Urea_1_500,"B773-000-16-50-SOW-9902, Preparation of specification for LEL, gas like hydrogen and ammonia detectors and providing the same at suitable locations. - Finalizing vendor data /detailed engineering dependent fire case loads and finalizing corresponding relief valve inlet and outlet line sizes.",Page 9,Telephone Intercom System,"60. Preparation of equipment layouts, lighting layouts, cabling layouts, earthing layouts, lightning protection layout, NIFPS piping layout, plant communication layouts, fire alarm layouts, telephone layouts, LAN system layout, etc. 3 - - -",Verbatim specification requirement extracted dynamically.
Part_B1_Technical_Specification_CO2_Urea_1_500,"B773-000-16-50-SOW-9902, Preparation of specification for LEL, gas like hydrogen and ammonia detectors and providing the same at suitable locations. - Finalizing vendor data /detailed engineering dependent fire case loads and finalizing corresponding relief valve inlet and outlet line sizes.",Page 9,Telephone Intercom System,"61. Preparation of bill of materials for cabling, lighting, earthing and lightning protection, communication, plant communication, fire alarm, telephone system, LAN and miscellaneous items 3 - - -",Verbatim specification requirement extracted dynamically.
Part_B1_Technical_Specification_CO2_Urea_1_500,"B773-000-17-42-SOW-2501, Preparation of specification for LEL, gas like hydrogen and ammonia detectors and providing the same at suitable locations. - Finalizing vendor data /detailed engineering dependent fire case loads and finalizing corresponding relief valve inlet and outlet line sizes.",Page 4,Telephone Intercom System,"In case project activities are found to be delayed during the review, LEPC CONTRACTOR shall deploy additional resources over & above the existing group. In case performance of any personnel deployed by LEPC CONTRACTOR under this project is found to be unsatisfactory by the Owner/ Consultant, the same shall be communicated to the CONTRACTOR for providing suitable replacement by CONTRACTOR within 07 (seven) days of communication by Owner / Consultant. e) During BDEP preparation, detailed Engineering, LEPC CONTRACTOR shall facilitate access for OWNER/PMC’s designated personnel at Licensor /Engineering subcontractor/LEPC contractor offices as required. LEPC CONTRACTOR shall provide office & related office infrastructure facilities such as furniture, computer, courier service, telephone, email, Internet connectivity and Canteen facility for OWNER/PMC’s team during the aforesaid period. f) LEPC CONTRACTOR shall provide full assistance to OWNER and CONSULTANT’s personnel at all places during the course of the WORKS for the following: I. To enter into and go out from the countries. II. To stay in the countries for the required period. g) LEPC CONTRACTOR shall provide BDEP in accordance with requirements given in this bidding document. h) LEPC contractor will submit the consolidated effluent summary for effluents from all sources / facilities covered under LEPC contractor’s scope and provide treatment scheme. i) LEPC contractor shall provide overall water balance and provide the scheme for implementing Zero Liquid discharge philosophy. Approval on these documents are required to be obtained before submission of technical documents (design basis, technical specification, PFD P&ID etc.) related to individual water and waste water treatment plant. j) LEPC contractor to ensure that any updation in water consumption / effluent generation are reflected in the updation of related documents and shall not have any bearing on design / turn down performance. All the units BEDP shall be revised by LEPC contractor based upon any such updation. k) LEPC CONTRACTOR shall provide engineering designs in accordance with BIDDING DOCUMENT, current worldwide best practices, the governing codes and in compliance with the Indian statutory regulations in force. l) LEPC CONTRACTOR shall submit all documents as per the agreed schedule. LEPC CONTRACTOR shall include drawings/documents listed elsewhere in BIDDING DOCUMENT as minimum requirements for submission to OWNER/PMC for approval or review or information. LEPC CONTRACTOR shall provide documentation keeping a review time by OWNER/PMC of fifteen (15) business working days to enable them Page 377 of 7525 : B773-000-83-41-LE-T-9902 : Rev. B",Verbatim specification requirement extracted dynamically.
Part_B1_Technical_Specification_CO2_Urea_1_500,"B773-000-17-42-SOW-2501, Preparation of specification for LEL, gas like hydrogen and ammonia detectors and providing the same at suitable locations. - Finalizing vendor data /detailed engineering dependent fire case loads and finalizing corresponding relief valve inlet and outlet line sizes.",Page 8,UPS & DC Power Systems,"Copyright EIL – All rights reserved etc. as required and First Fill consumables. tt) Providing as built drawings /documents/ Vender doc/ Close out reports (Soft and Hard Copy). uu) LEPC contractor to ensure DCI/MCI connectivity with V-doc (Vendor Documentation portal) in each submission. vv) Document preparation & submissions to be done by LEPC contractor only in the specified formats as specified elsewhere in the tender documents. ww) All online analyzers, Gas detectors, portable gas detector etc. located within ISBL are in LEPC contractors Scope. xx) LEPC Contractor shall update the Piping Material Specification (PMS) and Valve Material Specification (VMS) as per Process/Project requirements in-line with piping design basis and additional technical requirement and submit for Owner/PMC review. yy) LEPC Contractor shall update the welding specification charts based on requirements specified in ASME B 31.3, for classes not covered in Welding specification charts and for dissimilar material welding and submit it for review by Owner/ PMC. zz) Submission of in updated process package & final documentation in state of art integrated documentation handover mode as specified elsewhere in tender document. aaa) Any other work required to complete the Process & Utility systems and commission the units as per Process / Utility design requirements given in bid document and any other requirements given elsewhere in the tender document. bbb) Contractor to prepare battery limit interface based on given preliminary B/L interface and shall be submitted for Owner/PMC approval, preliminary B/L Interface details are as defined elsewhere in the bidding document. Page 381 of 7525 : B773-000-83-41-LE-T-9902 : Rev. B",Verbatim specification requirement extracted dynamically.
Part_B1_Technical_Specification_CO2_Urea_1_500,"B773-000-16-43-SOW-9902, Common job specific Valve Material Specification for all the units/offsite covered in tender",Page 26,Telecom Specifications,"5.4.20. VALVE MATERIAL SPECIFICATION Common job specific Valve Material Specification for all the units/offsite covered in tender shall be prepared by LEPC CONTRACTOR and same shall be submitted to OWNER / PMC for approval. Job specific VMS shall cover all Process/ Licensor’s material requirements, any additional requirements from OWNER/ PMC and shall be in line with EIL Valve material Specification B773-6-44-0006 provided with the tender. Any other VMS sheet required (other than detail VMS attached as document no. B773-6- 44-0006 during detail engineering to be developed by LEPC contractor. While developing valve material Specifications and requirements specified in Engineering design basis- Piping shall be followed. The valve material specification shall be developed on the similar format as EIL VMS format for each new type of valve and shall be submitted for review by OWNER / PMC. LEPC CONTRACTOR shall update the VMS as per comments (without any extra time & cost to OWNER) and updated VMS shall be sent to OWNER/PMC for review/ records. Tests carried out on a particular size of one type of valve, pressure rating and material shall qualify all sizes equal to and below the test valve size for the same type, pressure rating and material. In case of austenitic SS, any one grade would qualify for all other grades of austenitic SS.",Verbatim specification requirement extracted dynamically.
Part_B1_Technical_Specification_CO2_Urea_1_500,"B773-000-80-42-SOW-9902, specification for application of Torques and Hydraulic Bolt tension for flange joints, Document No. 6-76-0002”. LEPC CONTRACTOR shall calculate bolt tension and bolt torque values for the piping classes not covered in this specification and furnish the same",Page 5,Structured Cabling & FOC,"b) Duly filled in equipment data sheets (approved copy) & Performance curves (approved copy), for all cases. c) Duly-filled in experience record formats (approved copy) d) Equipment manufacturer's general reference list & manufacturer's catalogue. e) List of Agreed Deviations (approved copy) f) Scope of supply / work, List of Mandatory spares, List of Commissioning spares, List of 2 years O&M Spares and List of Special tools / tackles g) Site & Utility Data / Specifications h) Applicable EDB, data sheets, job specifications, PMS/VMS, etc. of respective departments i) Utility data sheets j) Applicable Vendor list k) Applicable Painting Specifications, Site Spectra, etc. l) Detailed Vendor Data Requirements (i.e. GA drawing; C/S drawing; Layout drawing, P&ID etc.) of all equipment & components supplied by vendor. m) Applicable Owner/ PMC documents) n) Applicable Standards & Specifications) o) Applicable Inspection Test Plan, etc.",Verbatim specification requirement extracted dynamically.
Part_B1_Technical_Specification_CO2_Urea_1_500,"B773-00-000-19-41, specification for application of Torques and Hydraulic Bolt tension for flange joints, Document No. 6-76-0002”. LEPC CONTRACTOR shall calculate bolt tension and bolt torque values for the piping classes not covered in this specification and furnish the same",Page 9,Telephone Intercom System,"CONSTRUCTION SUPERVISION AND MANAGEMENT BY LEPC FOR 150 TPD GREEN UREA COMPLEX OF Client DOCUMENT No. B773-00-000-19-41- 0002 Rev. 0 Page 9 of 23 Format No. EIL 1641-1924 Rev. 1 Copyright EIL – All rights reserved k. Mobile toilets and necessary arrangement for cleaning and disposal from refinery to outside refinery. l. Field Testing Laboratory m. Radiography Source Pit as per BARC Guidelines n. Film processing and viewing labs o. Communication facilities viz. Telephone, Fax, E-mail, electronic transmission of drawings./ documents, etc. p. Hutments, transport, Pantry and Canteen for staff and workers. Hutments/ labour colony shall not be allowed inside the refinery complex. q. Vehicle parking area including construction equipments. r. First aid arrangement/ medical and health care facilities s. Gate pass for workmen/officials/ vehicles as per OWNER security system. t. Work Permits as per Owner’s prevailing system. CONTRACTOR shall develop the temporary facilities layout for approval of Owner/PMC.",Verbatim specification requirement extracted dynamically.
Part_B1_Technical_Specification_CO2_Urea_1_500,"B773-00-000-19-41, specification for application of Torques and Hydraulic Bolt tension for flange joints, Document No. 6-76-0002”. LEPC CONTRACTOR shall calculate bolt tension and bolt torque values for the piping classes not covered in this specification and furnish the same",Page 19,Telecom Specifications,"CONSTRUCTION SUPERVISION AND MANAGEMENT BY LEPC FOR 150 TPD GREEN UREA COMPLEX OF Client DOCUMENT No. B773-00-000-19-41- 0002 Rev. 0 Page 19 of 23 Format No. EIL 1641-1924 Rev. 1 Copyright EIL – All rights reserved CONTRACTOR shall be completely responsible for management of approved quality plans and Owner/PMC involvement will be only of Surveillance in nature to randomly check the works at selective/critical junctures. Their role shall be to monitor that the CONTRACTOR is executing the quality plans as per the approved drawings, employing adequately qualified staff and other resources for various items of works. Any deviation to the specifications shall be brought to the notice of Owner/PMC in prescribed formats by CONTRACTOR for approval. (ii) It is likely that the CONTRACTOR may engage sub-contractor(s)/vendors for performance of the work. CONTRACTOR shall be responsible for ensuring the implementation of approved QA plan, contract specifications and contract conditions through their sub-contractors to achieve the quality during all stages of construction. It shall be the responsibility of the CONTRACTOR to ensure proper coordination between his sub- contractor(s) and other agencies working at site. The sub-contractor(s)/vendors selection shall be done after evaluation by the CONTRACTOR in line with contract requirements and shall be got approved by Owner/PMC before engaging them for the works. (iii) Storage All the materials procured shall be stored/stacked as per the standard norms and as recommended in various clauses of relevant codes and contract document. The storage of material shall be such as to avoid damage to life/properties (physical and chemical) of the materials. The storage shall not cause deterioration, rusting, mix-up etc. and hamper the other related works in any way. CONTRACTOR shall submit his detailed warehouse plan for Owner/PMC approval to manage the above in open/covered areas. The materials susceptible to fire shall be kept away in a separate protected place. In general, the materials shall be kept systematically in order of their class, batch number and identification number, so that they are accessible for the inspection by Owner/PMC whenever required and to avoid the mix up in those materials. (iv) Use The materials shall be stacked in such a way that the lot, which is procured first, will be consumed first. For materials which are having specific expiry date/ shelf life shall not be used beyond that date and shall be removed from site. Wherever there is any doubt about the change in properties of the materials, such materials shall be sent to reputed approved laboratory for testing and acceptance. (v) Inspection The CONTRACTOR shall be responsible for carrying out inspection of the materials brought at site and conducting tests/ checks (at site or in approved laboratories) at predefined frequencies as per contract. It is the responsibility of the CONTRACTOR to ensure that the materials used at site shall conform to relevant codes/ standards and Manufacturer Test Certificates are available for correlation as and when required. The CONTRACTOR shall maintain the records of all materials brought at site and tests conducted on them. (vi) In process and final Inspection CONTRACTOR shall be responsible to arrange verification of products during in- process and final inspection. Relevant checks and tests shall be arranged for the works performed and records maintained. Tolerances achieved with respect to contract specification and execution drawings for various activities/processes shall be ascertained and submitted to Owner/PMC for approval. Efforts shall be made to keep checks and controls in such a way that a non-conforming product is avoided. However, if in an isolated case, the tolerances are beyond the acceptable values given in the contract/execution drawings/codes, non- Page 460 of 7525 : B773-000-83-41-LE-T-9902 : Rev. B",Verbatim specification requirement extracted dynamically.
Part_B1_Technical_Specification_CO2_Urea_1_500,"B773-000-83-41-LE-T-9902, Specification for Health, Safety and Environment (HSE) Management (Spec. No. 6-82-0001) is required to be followed by CONTRACTOR during Construction Phase at site. 2.0 CONTRACTOR shall have a documented HSE policy to cover commitment of the organization to ensure Health, Safety and Environment aspects in the line of operation.",471,Telecom Specifications,"2. Contractor to submit job procedures for the jobs for which ITP’s are attached & job specific reporting formats with the aid of enclosed sample reporting formats to EIL/Owner for approval, before commencement of the activity. If the contractor has to deviate from the given ITP for a valid reason, he shall obtain prior written approval of EIL/Owner. Contractor to carry out 100% examination of all activities. LEGEND HP : Hold Point ; An activity which requires witnessing/inspection/verification and acceptance by Owner/EIL before any further processing is permitted. The Contractor shall not process the activity/item beyond a Hold Point without written approval by Owner/EIL except where prior written permission for further processing is available. WwW : Witness Point ; An activity which requires witnessing/inspection/verification by Owner/EIL when the activity is performed. After proper notification has been provided (notification modalities and period shall be finalized before hand), the Contractor is not obliged to hold further processing if Owner/EIL is not available to witness the activity or does not provide comments before the date notified. Basis of acceptance shall be on review of Contractor generated report/document as per relevant technical specification. Rw : Review of Contractor’s documentation. S : Surveillance Inspection by Owner/ EIL. Monitoring or making observations to verify whether or not material/items or services conform to specified requirements. Surveillance activities may include audit, inspections, witness of testing, Review of quality documentation & records, personnel qualifications, etc. WC se: 100% Supervision and Examination by Contractor. Responsibility for execution of the inspection/testing is with the Contractor; Owner/EIL only verifies examination or testing done by the Contractor at important stages. Format No. 8-00-0001-F1 Rev. 0 Copyright EIL — All rights reserved Paaqe 471 of 7525 - B773-000-83-41-L E-T-9902 -Rev.B",Verbatim specification requirement extracted dynamically.
